,Prediction Date,Best Predicted High,Best Predicted Low,Mean Predicted High,Mean Predicted Low,Actual High,Actual Low,dnn_lstm_low,cnn_lstm_low,gru_lstm_low,dnn_lstm_high,cnn_lstm_high,gnn_lstm_high
0,2023-09-26,243.52429796893819,247.37282215991556,246.0313001426639,249.9978134198759,249.5500030517578,241.66000366210932,329.8128750599849,331.7414828113324,333.68873632449686,336.14330850257494,336.9053562629759,339.28607055932395
1,2023-09-27,242.94881604346398,246.97352179332165,247.89401335418793,251.83793296231693,245.3300018310547,234.5800018310547,329.8128750599849,331.7414828113324,333.68873632449686,336.14330850257494,336.9053562629759,339.28607055932395
2,2023-09-28,241.19791396549536,245.0906043788918,242.1063913703233,245.97582907571908,247.5500030517578,238.6499938964844,329.8128750599849,331.7414828113324,333.68873632449686,336.14330850257494,336.9053562629759,339.28607055932395
3,2023-09-29,241.02721129335706,244.96899181648394,240.27497123967814,244.2236829368106,254.7700042724609,246.3500061035156,329.8128750599849,331.7414828113324,333.68873632449686,336.14330850257494,336.9053562629759,339.28607055932395
4,2023-10-02,248.18218753779072,252.1029506753713,249.33640998053298,253.1757916063905,254.27999877929688,242.6199951171875,329.8128750599849,331.7414828113324,333.68873632449686,336.14330850257494,336.9053562629759,339.28607055932395
5,2023-10-03,245.5750499142658,249.62866681518727,247.17672165734788,251.1288314287601,250.0200042724609,244.4499969482422,329.8128750599849,331.7414828113324,333.68873632449686,336.14330850257494,336.9053562629759,339.28607055932395
6,2023-10-04,245.7132983611847,249.47689734165613,242.95469323255693,246.80567949866006,261.8599853515625,247.6000061035156,329.8128750599849,331.7414828113324,333.68873632449686,336.14330850257494,336.9053562629759,339.28607055932395
7,2023-10-05,252.586114121854,256.53630240201556,251.29908920793105,255.4079809110041,263.6000061035156,256.25,329.8128750599849,331.7414828113324,333.68873632449686,336.14330850257494,336.9053562629759,339.28607055932395
8,2023-10-06,256.3837137760109,260.0521074333663,257.89592280057326,261.8789152315176,261.6499938964844,250.6499938964844,329.8128750599849,331.7414828113324,333.68873632449686,336.14330850257494,336.9053562629759,339.28607055932395
9,2023-10-09,254.3930329827076,258.2607802992887,252.19228704532347,256.1051784006965,261.3599853515625,252.0500030517578,329.8128750599849,331.7414828113324,333.68873632449686,336.14330850257494,336.9053562629759,339.28607055932395
10,2023-10-10,251.99432076830965,255.77459475715364,250.72495713282783,254.57255637228536,268.94000244140625,257.6499938964844,329.8128750599849,331.7414828113324,333.68873632449686,336.14330850257494,336.9053562629759,339.28607055932395
11,2023-10-11,262.49825892007084,266.3937695061044,261.6524335233601,265.66555851800535,268.6000061035156,260.8999938964844,329.8128750599849,331.7414828113324,333.68873632449686,336.14330850257494,336.9053562629759,339.28607055932395
12,2023-10-12,263.1198903105486,267.04863127154266,265.8326896600495,269.79754504527983,265.4100036621094,256.6300048828125,329.8128750599849,331.7414828113324,333.68873632449686,336.14330850257494,336.9053562629759,339.28607055932395
13,2023-10-13,257.7014560166687,262.1178959978365,260.57072237657275,264.77327484913513,259.6000061035156,250.22000122070312,329.8128750599849,331.7414828113324,333.68873632449686,336.14330850257494,336.9053562629759,339.28607055932395
14,2023-10-16,250.34559698329537,254.3013488713433,253.51331758893738,257.6737093868231,255.3999938964844,248.47999572753903,329.8128750599849,331.7414828113324,333.68873632449686,336.14330850257494,336.9053562629759,339.28607055932395
15,2023-10-17,252.03905132456515,256.33250706058726,253.48030607867486,257.5491499437151,257.17999267578125,247.0800018310547,329.8128750599849,331.7414828113324,333.68873632449686,336.14330850257494,336.9053562629759,339.28607055932395
16,2023-10-18,250.5571420644576,254.46281399964892,252.38623669440412,256.36602812378936,254.6300048828125,242.0800018310547,329.8128750599849,331.7414828113324,333.68873632449686,336.14330850257494,336.9053562629759,339.28607055932395
17,2023-10-19,246.40286392262354,250.17560566866177,248.7694246444552,252.70790442198617,230.6100006103516,216.77999877929688,329.8128750599849,331.7414828113324,333.68873632449686,336.14330850257494,336.9053562629759,339.28607055932395
18,2023-10-20,217.55553123999817,220.99955233115796,221.52177546605495,225.15841192253455,218.8600006103516,210.4199981689453,329.8128750599849,331.7414828113324,333.68873632449686,336.14330850257494,336.9053562629759,339.28607055932395
19,2023-10-23,208.56627817682013,212.10323048301626,212.78117712717986,216.36821242099174,216.97999572753903,202.509994506836,329.8128750599849,331.7414828113324,333.68873632449686,336.14330850257494,336.9053562629759,339.28607055932395
20,2023-10-24,213.05733515316723,216.24739306785588,209.41553681877835,212.65718579409125,222.0500030517578,214.1100006103516,329.8128750599849,331.7414828113324,333.68873632449686,336.14330850257494,336.9053562629759,339.28607055932395
21,2023-10-25,214.18286464322892,217.39159016022344,215.28637414704835,218.73203116301897,220.1000061035156,212.1999969482422,329.8128750599849,331.7414828113324,333.68873632449686,336.14330850257494,336.9053562629759,339.28607055932395
22,2023-10-26,212.93527768366073,216.28382912592627,216.6625269266625,219.98240453234283,214.8000030517578,204.8800048828125,329.8128750599849,331.7414828113324,333.68873632449686,336.14330850257494,336.9053562629759,339.28607055932395
23,2023-10-27,201.49395758273556,204.64648308232555,200.61415104796762,203.8469060915721,212.41000366210932,205.7700042724609,329.8128750599849,331.7414828113324,333.68873632449686,336.14330850257494,336.9053562629759,339.28607055932395
24,2023-10-30,200.93836206085297,203.83798947458885,200.85141876859078,203.8790005590412,210.8800048828125,194.6699981689453,329.8128750599849,331.7414828113324,333.68873632449686,336.14330850257494,336.9053562629759,339.28607055932395
25,2023-10-31,196.61190452181683,199.6173221506991,200.1889240909751,203.37134268840592,202.8000030517578,194.07000732421875,329.8128750599849,331.7414828113324,333.68873632449686,336.14330850257494,336.9053562629759,339.28607055932395
26,2023-11-01,200.2960685645478,203.54025256795376,195.29498977717762,198.1652405841456,205.9900054931641,197.8500061035156,329.8128750599849,331.7414828113324,333.68873632449686,336.14330850257494,336.9053562629759,339.28607055932395
27,2023-11-02,200.2179779941267,203.37232052058053,197.59877723722988,200.58935897693848,219.1999969482422,211.4499969482422,329.8128750599849,331.7414828113324,333.68873632449686,336.14330850257494,336.9053562629759,339.28607055932395
28,2023-11-03,209.93632972911794,213.53141814565166,208.88215320118596,212.44109039464084,226.3699951171875,218.3999938964844,329.8128750599849,331.7414828113324,333.68873632449686,336.14330850257494,336.9053562629759,339.28607055932395
29,2023-11-06,218.95236379153621,222.47194320429395,219.21433433605148,222.7334668600288,226.32000732421875,215.0,329.8128750599849,331.7414828113324,333.68873632449686,336.14330850257494,336.9053562629759,339.28607055932395
30,2023-11-07,214.97806302248588,218.60719852525355,214.67700623953647,218.3248215355347,223.1199951171875,215.72000122070312,329.8128750599849,331.7414828113324,333.68873632449686,336.14330850257494,336.9053562629759,339.28607055932395
31,2023-11-08,217.6277269552298,221.2556168175704,216.3712973113753,220.11802560351262,224.1499938964844,217.63999938964844,329.8128750599849,331.7414828113324,333.68873632449686,336.14330850257494,336.9053562629759,339.28607055932395
32,2023-11-09,212.0433754938433,215.4618383636929,213.71737986440465,217.2659993482357,220.8000030517578,206.67999267578125,329.8128750599849,331.7414828113324,333.68873632449686,336.14330850257494,336.9053562629759,339.28607055932395
33,2023-11-10,208.57450134322352,212.0223514802286,209.93670272465474,213.43208630026515,215.3800048828125,205.69000244140625,329.8128750599849,331.7414828113324,333.68873632449686,336.14330850257494,336.9053562629759,339.28607055932395
34,2023-11-13,206.11868708551435,209.67717925770435,205.52508094957113,209.05982231617944,225.3999938964844,211.6100006103516,329.8128750599849,331.7414828113324,333.68873632449686,336.14330850257494,336.9053562629759,339.28607055932395
35,2023-11-14,215.90773492504846,219.55559653422912,214.940439858041,218.59841771829454,238.13999938964844,230.72000122070312,329.8128750599849,331.7414828113324,333.68873632449686,336.14330850257494,336.9053562629759,339.28607055932395
36,2023-11-15,231.42660248531237,235.78131140901985,227.92198540501485,232.0529318038908,246.6999969482422,236.4499969482422,329.8128750599849,331.7414828113324,333.68873632449686,336.14330850257494,336.9053562629759,339.28607055932395
37,2023-11-16,233.54951882870057,237.20703087208412,233.03933159877428,236.8383416913032,240.8800048828125,230.9600067138672,329.8128750599849,331.7414828113324,333.68873632449686,336.14330850257494,336.9053562629759,339.28607055932395
38,2023-11-17,230.22674771239036,234.00496116822484,228.08326883571848,231.99208103998328,237.38999938964844,226.5399932861328,329.8128750599849,331.7414828113324,333.68873632449686,336.14330850257494,336.9053562629759,339.28607055932395
39,2023-11-20,232.2138679842511,236.08126024761503,229.04999778463457,233.06549197945208,237.1000061035156,231.0200042724609,329.8128750599849,331.7414828113324,333.68873632449686,336.14330850257494,336.9053562629759,339.28607055932395
40,2023-11-21,229.38274754464655,233.66863413843913,227.6696653671971,231.7528821903211,243.6199951171875,233.33999633789065,329.8128750599849,331.7414828113324,333.68873632449686,336.14330850257494,336.9053562629759,339.28607055932395
41,2023-11-22,234.37544417074508,238.32561183196526,232.76397336515424,236.8828086488074,244.009994506836,231.3999938964844,329.8128750599849,331.7414828113324,333.68873632449686,336.14330850257494,336.9053562629759,339.28607055932395
42,2023-11-24,233.25617329685912,237.2287840950983,231.50879721114453,235.56880533073198,238.75,232.3300018310547,329.8128750599849,331.7414828113324,333.68873632449686,336.14330850257494,336.9053562629759,339.28607055932395
43,2023-11-27,230.68437589631293,234.43844550840006,229.48121113931643,233.58527827573099,238.3300018310547,232.1000061035156,329.8128750599849,331.7414828113324,333.68873632449686,336.14330850257494,336.9053562629759,339.28607055932395
44,2023-11-28,231.02449482756495,235.15634674422364,230.32320941712874,234.17785087196145,247.0,234.009994506836,329.8128750599849,331.7414828113324,333.68873632449686,336.14330850257494,336.9053562629759,339.28607055932395
45,2023-11-29,234.86502068712457,239.0058263765386,233.44813310107406,237.5360351828233,252.75,242.759994506836,329.8128750599849,331.7414828113324,333.68873632449686,336.14330850257494,336.9053562629759,339.28607055932395
46,2023-11-30,239.3133237025096,243.54676798534808,241.1270954027838,245.5490942969228,245.22000122070312,236.91000366210932,329.8128750599849,331.7414828113324,333.68873632449686,336.14330850257494,336.9053562629759,339.28607055932395
47,2023-12-01,234.3469864983492,238.13719963293556,235.91136511178857,239.83624759523366,240.19000244140625,231.8999938964844,329.8128750599849,331.7414828113324,333.68873632449686,336.14330850257494,336.9053562629759,339.28607055932395
48,2023-12-04,234.18641131751303,238.24584765233317,230.95649882526627,234.98122424495793,239.3699951171875,233.2899932861328,329.8128750599849,331.7414828113324,333.68873632449686,336.14330850257494,336.9053562629759,339.28607055932395
49,2023-12-05,228.95103793325484,233.0674019801409,226.9422558151075,231.03303395049775,246.66000366210932,233.6999969482422,329.8128750599849,331.7414828113324,333.68873632449686,336.14330850257494,336.9053562629759,339.28607055932395
50,2023-12-06,237.74841671218496,242.03694550761617,232.84165600934776,236.96867207631104,246.57000732421875,239.1699981689453,329.8128750599849,331.7414828113324,333.68873632449686,336.14330850257494,336.9053562629759,339.28607055932395
51,2023-12-07,238.26119925228315,242.52846442354402,238.68180251002755,242.97939543118196,244.0800018310547,236.97999572753903,329.8128750599849,331.7414828113324,333.68873632449686,336.14330850257494,336.9053562629759,339.28607055932395
52,2023-12-08,239.95838033690313,243.98357789968227,234.00062420800472,238.0619467080219,245.2700042724609,239.2700042724609,329.8128750599849,331.7414828113324,333.68873632449686,336.14330850257494,336.9053562629759,339.28607055932395
53,2023-12-11,237.5185438589422,241.9029565186508,235.8218301228742,240.12990429635764,243.44000244140625,237.4499969482422,329.8128750599849,331.7414828113324,333.68873632449686,336.14330850257494,336.9053562629759,339.28607055932395
54,2023-12-12,234.37734006409778,238.45669802928194,235.29646450406486,239.42329064498415,238.9900054931641,233.8699951171875,329.8128750599849,331.7414828113324,333.68873632449686,336.14330850257494,336.9053562629759,339.28607055932395
55,2023-12-13,231.9344489574567,236.08639740940177,228.87786576469117,232.88831697738513,240.3000030517578,228.1999969482422,329.8128750599849,331.7414828113324,333.68873632449686,336.14330850257494,336.9053562629759,339.28607055932395
56,2023-12-14,233.1338219277478,237.31351065492075,227.66083231896337,231.68451266854944,253.8800048828125,240.7899932861328,329.8128750599849,331.7414828113324,333.68873632449686,336.14330850257494,336.9053562629759,339.28607055932395
57,2023-12-15,242.50273666860483,246.82568726762347,238.4524243074859,242.6950997804249,254.1300048828125,248.3000030517578,329.8128750599849,331.7414828113324,333.68873632449686,336.14330850257494,336.9053562629759,339.28607055932395
58,2023-12-18,250.07032145912697,254.31687845237676,243.99780395856305,248.06468172517668,258.739990234375,251.3600006103516,329.8128750599849,331.7414828113324,333.68873632449686,336.14330850257494,336.9053562629759,339.28607055932395
59,2023-12-19,245.62263033308324,250.15259118385717,241.796945600565,246.15842073266614,258.3399963378906,253.009994506836,329.8128750599849,331.7414828113324,333.68873632449686,336.14330850257494,336.9053562629759,339.28607055932395
60,2023-12-20,251.93865329233205,256.0732421814296,244.49375552675414,248.71600298233068,259.8399963378906,247.0,329.8128750599849,331.7414828113324,333.68873632449686,336.14330850257494,336.9053562629759,339.28607055932395
61,2023-12-21,247.08789090327903,251.45973314331633,243.01157003313816,247.2486721151416,254.8000030517578,248.5500030517578,329.8128750599849,331.7414828113324,333.68873632449686,336.14330850257494,336.9053562629759,339.28607055932395
62,2023-12-22,246.05306557651613,250.13567515961967,242.59357413063148,246.67695521480854,258.2200012207031,251.3699951171875,329.8128750599849,331.7414828113324,333.68873632449686,336.14330850257494,336.9053562629759,339.28607055932395
63,2023-12-26,246.67278902857547,250.80678216587137,243.51926152543624,247.54699753188174,257.9700012207031,252.91000366210932,329.8128750599849,331.7414828113324,333.68873632449686,336.14330850257494,336.9053562629759,339.28607055932395
64,2023-12-27,248.4038528832156,252.3238698894221,244.5577469461854,248.75768288194595,263.3399963378906,257.5199890136719,329.8128750599849,331.7414828113324,333.68873632449686,336.14330850257494,336.9053562629759,339.28607055932395
65,2023-12-28,253.43432765360527,258.00697852597585,248.77552747778032,253.24320061668638,265.1300048828125,252.7100067138672,329.8128750599849,331.7414828113324,333.68873632449686,336.14330850257494,336.9053562629759,339.28607055932395
66,2023-12-29,249.27043514027105,253.6500654048047,249.75923193939283,254.1259736473368,255.19000244140625,247.42999267578125,329.8128750599849,331.7414828113324,333.68873632449686,336.14330850257494,336.9053562629759,339.28607055932395
67,2024-01-02,245.20685875272267,249.35164979442536,241.99111206082958,246.02318544069567,251.25,244.41000366210932,329.8128750599849,331.7414828113324,333.68873632449686,336.14330850257494,336.9053562629759,339.28607055932395
68,2024-01-03,239.28066230215887,243.18941520189549,239.8245339600222,243.7663535055955,245.67999267578125,236.32000732421875,329.8128750599849,331.7414828113324,333.68873632449686,336.14330850257494,336.9053562629759,339.28607055932395
69,2024-01-04,237.86583201334247,241.6235539652891,235.6978060956291,239.59481280082446,242.6999969482422,237.72999572753903,329.8128750599849,331.7414828113324,333.68873632449686,336.14330850257494,336.9053562629759,339.28607055932395
70,2024-01-05,233.31611195315992,237.36612700118422,232.32111644689158,236.3424343401571,240.1199951171875,234.8999938964844,329.8128750599849,331.7414828113324,333.68873632449686,336.14330850257494,336.9053562629759,339.28607055932395
71,2024-01-08,235.40436259725274,239.31651483565994,235.1814100357989,239.2121119620637,241.25,235.3000030517578,329.8128750599849,331.7414828113324,333.68873632449686,336.14330850257494,336.9053562629759,339.28607055932395
72,2024-01-09,235.62802983260914,239.49776807497673,237.8241215565785,241.9109051447656,238.9600067138672,232.0399932861328,329.8128750599849,331.7414828113324,333.68873632449686,336.14330850257494,336.9053562629759,339.28607055932395
73,2024-01-10,231.16389237375859,234.87843928208534,234.50209241631993,238.4327041376938,235.5,231.2899932861328,329.8128750599849,331.7414828113324,333.68873632449686,336.14330850257494,336.9053562629759,339.28607055932395
74,2024-01-11,234.40756113412283,238.4874501425984,235.77693414771542,239.87279426958466,230.92999267578125,225.3699951171875,329.8128750599849,331.7414828113324,333.68873632449686,336.14330850257494,336.9053562629759,339.28607055932395
75,2024-01-12,229.4386703760185,233.57299790032113,230.3753083416199,234.37775535460818,225.33999633789065,217.1499938964844,329.8128750599849,331.7414828113324,333.68873632449686,336.14330850257494,336.9053562629759,339.28607055932395
76,2024-01-16,220.46554926943057,224.19054702277913,222.4654501590811,226.31878064274588,223.4900054931641,212.17999267578125,329.8128750599849,331.7414828113324,333.68873632449686,336.14330850257494,336.9053562629759,339.28607055932395
77,2024-01-17,213.74734397302657,217.12359328698503,217.34975012431065,220.92761868196737,215.6699981689453,212.009994506836,329.8128750599849,331.7414828113324,333.68873632449686,336.14330850257494,336.9053562629759,339.28607055932395
78,2024-01-18,213.2645681007826,216.94039855479986,216.023712848357,219.71146156570885,217.4499969482422,208.7400054931641,329.8128750599849,331.7414828113324,333.68873632449686,336.14330850257494,336.9053562629759,339.28607055932395
79,2024-01-19,210.5632645620557,214.01143690491762,212.77046906370745,216.21353070815803,213.19000244140625,207.5599975585937,329.8128750599849,331.7414828113324,333.68873632449686,336.14330850257494,336.9053562629759,339.28607055932395
80,2024-01-22,210.13655003944015,213.5504268252193,211.56851604032775,215.0463911693466,217.8000030517578,206.2700042724609,329.8128750599849,331.7414828113324,333.68873632449686,336.14330850257494,336.9053562629759,339.28607055932395
81,2024-01-23,210.2073930937854,213.58764349568992,213.4500436445896,216.84867285807567,215.6499938964844,207.75,329.8128750599849,331.7414828113324,333.68873632449686,336.14330850257494,336.9053562629759,339.28607055932395
82,2024-01-24,208.02424780801132,211.33827875000992,210.06813446735035,213.4013066312916,212.72999572753903,206.7700042724609,329.8128750599849,331.7414828113324,333.68873632449686,336.14330850257494,336.9053562629759,339.28607055932395
83,2024-01-25,199.63117852485195,202.708287445157,205.49526539676046,208.74483359994255,193.0,180.05999755859375,329.8128750599849,331.7414828113324,333.68873632449686,336.14330850257494,336.9053562629759,339.28607055932395
84,2024-01-26,188.40454967626894,191.31868132396076,190.50155949219206,193.39407697145054,186.77999877929688,182.1000061035156,329.8128750599849,331.7414828113324,333.68873632449686,336.14330850257494,336.9053562629759,339.28607055932395
85,2024-01-29,189.2075689167325,192.08144946796858,189.52647528265126,192.41747692839644,191.47999572753903,183.6699981689453,329.8128750599849,331.7414828113324,333.68873632449686,336.14330850257494,336.9053562629759,339.28607055932395
86,2024-01-30,191.9601145742719,194.75447889859242,190.63896157248928,193.32935266946015,196.3600006103516,190.6100006103516,329.8128750599849,331.7414828113324,333.68873632449686,336.14330850257494,336.9053562629759,339.28607055932395
87,2024-01-31,194.84217480153805,197.801752336815,197.10325126136277,200.05476348323296,193.97000122070312,185.8500061035156,329.8128750599849,331.7414828113324,333.68873632449686,336.14330850257494,336.9053562629759,339.28607055932395
88,2024-02-01,188.43252193251413,191.31276000690357,192.15826192877452,195.0808886473901,189.8800048828125,184.27999877929688,329.8128750599849,331.7414828113324,333.68873632449686,336.14330850257494,336.9053562629759,339.28607055932395
89,2024-02-02,183.70102617122797,186.1995799085375,185.4391428133805,188.09633656126422,188.69000244140625,182.0,329.8128750599849,331.7414828113324,333.68873632449686,336.14330850257494,336.9053562629759,339.28607055932395
90,2024-02-05,185.7308317471759,188.5834119306596,188.2525610213203,191.04803950129357,184.67999267578125,175.00999450683594,329.8128750599849,331.7414828113324,333.68873632449686,336.14330850257494,336.9053562629759,339.28607055932395
91,2024-02-06,183.5255343809382,186.360564387453,185.60547312664312,188.39903545443735,186.4900054931641,177.11000061035156,329.8128750599849,331.7414828113324,333.68873632449686,336.14330850257494,336.9053562629759,339.28607055932395
92,2024-02-07,184.73094433819486,187.3014975689219,182.16902790660458,184.73194829103386,189.7899932861328,182.67999267578125,329.8128750599849,331.7414828113324,333.68873632449686,336.14330850257494,336.9053562629759,339.28607055932395
93,2024-02-08,187.36019670247944,190.13825602190775,187.39076868542065,190.21596100665045,191.6199951171875,185.5800018310547,329.8128750599849,331.7414828113324,333.68873632449686,336.14330850257494,336.9053562629759,339.28607055932395
94,2024-02-09,190.26455114198524,193.1083244137377,187.8347297347125,190.64580563817591,194.1199951171875,189.47999572753903,329.8128750599849,331.7414828113324,333.68873632449686,336.14330850257494,336.9053562629759,339.28607055932395
95,2024-02-12,189.46576212862126,192.48016880385006,191.09863340257138,194.12106999950598,194.72999572753903,187.27999877929688,329.8128750599849,331.7414828113324,333.68873632449686,336.14330850257494,336.9053562629759,339.28607055932395
96,2024-02-13,185.81809102166352,188.66512823177067,191.46863774801557,194.5040975696294,187.259994506836,182.1100006103516,329.8128750599849,331.7414828113324,333.68873632449686,336.14330850257494,336.9053562629759,339.28607055932395
97,2024-02-14,186.34636110733297,189.33850267494887,188.51562927282973,191.51770599384167,188.88999938964844,183.3500061035156,329.8128750599849,331.7414828113324,333.68873632449686,336.14330850257494,336.9053562629759,339.28607055932395
98,2024-02-15,191.2437848766849,194.33879630020414,189.92556043189396,192.8987128604014,200.8800048828125,188.8600006103516,329.8128750599849,331.7414828113324,333.68873632449686,336.14330850257494,336.9053562629759,339.28607055932395
99,2024-02-16,195.40891080475433,198.52650075977405,192.49333558347632,195.54365047957506,203.1699981689453,197.3999938964844,329.8128750599849,331.7414828113324,333.68873632449686,336.14330850257494,336.9053562629759,339.28607055932395
100,2024-02-20,192.25635092189887,195.19757504561417,193.45679228952403,196.46450149180643,198.6000061035156,189.1300048828125,329.8128750599849,331.7414828113324,333.68873632449686,336.14330850257494,336.9053562629759,339.28607055932395
101,2024-02-21,191.19783897329293,194.27916034712217,190.22588407184,193.20557265779567,199.44000244140625,191.9499969482422,329.8128750599849,331.7414828113324,333.68873632449686,336.14330850257494,336.9053562629759,339.28607055932395
102,2024-02-22,193.34374693822903,196.43527084441376,192.81716316176787,195.9037556795191,198.32000732421875,191.3600006103516,329.8128750599849,331.7414828113324,333.68873632449686,336.14330850257494,336.9053562629759,339.28607055932395
103,2024-02-23,192.9271201581986,195.87043931548394,191.6989675107533,194.68780719894997,197.57000732421875,191.5,329.8128750599849,331.7414828113324,333.68873632449686,336.14330850257494,336.9053562629759,339.28607055932395
104,2024-02-26,193.47827707334378,196.5604428104137,192.47702254939745,195.4118596447413,201.77999877929688,192.0,329.8128750599849,331.7414828113324,333.68873632449686,336.14330850257494,336.9053562629759,339.28607055932395
105,2024-02-27,199.9358090788163,203.296484203041,199.21840094634044,202.59247023108813,205.6000061035156,198.259994506836,329.8128750599849,331.7414828113324,333.68873632449686,336.14330850257494,336.9053562629759,339.28607055932395
106,2024-02-28,193.95526649599023,197.12785709171771,192.90838044486858,195.98379305380863,205.3000030517578,198.44000244140625,329.8128750599849,331.7414828113324,333.68873632449686,336.14330850257494,336.9053562629759,339.28607055932395
107,2024-02-29,194.99182149419815,197.93390375710445,193.7907056028897,196.78214342416916,205.27999877929688,198.4499969482422,329.8128750599849,331.7414828113324,333.68873632449686,336.14330850257494,336.9053562629759,339.28607055932395
108,2024-03-01,196.84868160676078,199.92854558322026,194.66755025598397,197.64450952248058,204.5200042724609,198.5,329.8128750599849,331.7414828113324,333.68873632449686,336.14330850257494,336.9053562629759,339.28607055932395
109,2024-03-04,192.5874035321434,195.59576885574967,195.6117709919918,198.6692689810894,199.75,186.72000122070312,329.8128750599849,331.7414828113324,333.68873632449686,336.14330850257494,336.9053562629759,339.28607055932395
110,2024-03-05,192.46584713737303,195.4884187078012,194.70313539530002,197.79112923735318,184.58999633789065,177.57000732421875,329.8128750599849,331.7414828113324,333.68873632449686,336.14330850257494,336.9053562629759,339.28607055932395
111,2024-03-06,193.07810385315958,195.829501450349,195.1961278923328,198.14482971528412,181.5800018310547,173.6999969482422,329.8128750599849,331.7414828113324,333.68873632449686,336.14330850257494,336.9053562629759,339.28607055932395
112,2024-03-07,189.2790527685769,192.28856565972893,193.08959444440504,196.14259630563902,180.0399932861328,173.6999969482422,329.8128750599849,331.7414828113324,333.68873632449686,336.14330850257494,336.9053562629759,339.28607055932395
113,2024-03-08,187.11847632254214,190.0253837202777,191.4719421110594,194.46316167275563,182.72999572753903,174.6999969482422,329.8128750599849,331.7414828113324,333.68873632449686,336.14330850257494,336.9053562629759,339.28607055932395
114,2024-03-11,189.17360062674538,192.0539627000177,193.16036723586663,196.1646880695832,182.8699951171875,174.8000030517578,329.8128750599849,331.7414828113324,333.68873632449686,336.14330850257494,336.9053562629759,339.28607055932395
115,2024-03-12,189.1583118247594,192.12535625832925,193.9442681464327,196.93382944342451,179.42999267578125,172.41000366210938,329.8128750599849,331.7414828113324,333.68873632449686,336.14330850257494,336.9053562629759,339.28607055932395
116,2024-03-13,185.91923825698768,188.83465338977618,192.85026701753466,195.87223594432643,176.0500030517578,169.14999389648438,329.8128750599849,331.7414828113324,333.68873632449686,336.14330850257494,336.9053562629759,339.28607055932395
117,2024-03-14,184.88214363983317,187.79600312442642,190.60323992242783,193.57443268365057,171.1699981689453,160.50999450683594,329.8128750599849,331.7414828113324,333.68873632449686,336.14330850257494,336.9053562629759,339.28607055932395
118,2024-03-15,182.9462534417191,185.78218846575714,189.09408151152363,191.99999297733868,165.17999267578125,160.75999450683594,329.8128750599849,331.7414828113324,333.68873632449686,336.14330850257494,336.9053562629759,339.28607055932395
119,2024-03-18,181.77920822345683,184.59394168726425,187.72673367498967,190.61973011352043,174.72000122070312,165.89999389648438,329.8128750599849,331.7414828113324,333.68873632449686,336.14330850257494,336.9053562629759,339.28607055932395
120,2024-03-19,182.13907865356384,184.83561031110654,189.4237348866275,192.32655506955487,172.82000732421875,167.4199981689453,329.8128750599849,331.7414828113324,333.68873632449686,336.14330850257494,336.9053562629759,339.28607055932395
121,2024-03-20,181.61998329449386,184.51499000586415,188.330448431632,191.2899781705753,176.25,170.82000732421875,329.8128750599849,331.7414828113324,333.68873632449686,336.14330850257494,336.9053562629759,339.28607055932395
122,2024-03-21,181.83118268226838,184.66166837492113,190.8739567907032,193.92370063731187,178.17999267578125,171.8000030517578,329.8128750599849,331.7414828113324,333.68873632449686,336.14330850257494,336.9053562629759,339.28607055932395
123,2024-03-22,183.9110017803199,186.85985163676776,190.7436653142341,193.78700489551545,171.1999969482422,166.3000030517578,329.8128750599849,331.7414828113324,333.68873632449686,336.14330850257494,336.9053562629759,339.28607055932395
124,2024-03-25,185.0528860606885,188.03374270521937,192.68255553673,195.72528162504628,175.24000549316406,168.72999572753906,329.8128750599849,331.7414828113324,333.68873632449686,336.14330850257494,336.9053562629759,339.28607055932395
125,2024-03-26,185.61789118795315,188.5391945486782,194.221364884546,197.22321108117657,184.25,177.3800048828125,329.8128750599849,331.7414828113324,333.68873632449686,336.14330850257494,336.9053562629759,339.28607055932395
126,2024-03-27,188.41568413506977,191.29403475695173,197.21780786691014,200.2585926787543,181.91000366210932,176.0,329.8128750599849,331.7414828113324,333.68873632449686,336.14330850257494,336.9053562629759,339.28607055932395
127,2024-03-28,188.17252196075938,191.12206856138,194.84380570344376,197.83589143404046,179.57000732421875,175.3000030517578,329.8128750599849,331.7414828113324,333.68873632449686,336.14330850257494,336.9053562629759,339.28607055932395
128,2024-04-01,187.24028325468055,190.32797672099713,192.61592223287246,195.69605294591486,176.75,170.2100067138672,329.8128750599849,331.7414828113324,333.68873632449686,336.14330850257494,336.9053562629759,339.28607055932395
129,2024-04-02,187.4353193686939,190.44059984075665,189.83417853289436,192.8168371301315,167.69000244140625,163.42999267578125,329.8128750599849,331.7414828113324,333.68873632449686,336.14330850257494,336.9053562629759,339.28607055932395
130,2024-04-03,186.604807265603,189.3153523801201,192.6604448109923,195.47959144987735,168.82000732421875,163.27999877929688,329.8128750599849,331.7414828113324,333.68873632449686,336.14330850257494,336.9053562629759,339.28607055932395
131,2024-04-04,185.24310655740575,188.07074326060794,191.773454197495,194.59825131339576,177.19000244140625,168.00999450683594,329.8128750599849,331.7414828113324,333.68873632449686,336.14330850257494,336.9053562629759,339.28607055932395
132,2024-04-05,185.99347320185473,188.95385207662267,189.26768704451328,192.22976779227486,170.86000061035156,160.50999450683594,329.8128750599849,331.7414828113324,333.68873632449686,336.14330850257494,336.9053562629759,339.28607055932395
133,2024-04-08,186.2096893595238,189.1508084976126,190.72594300745973,193.74721059014985,174.5,167.7899932861328,329.8128750599849,331.7414828113324,333.68873632449686,336.14330850257494,336.9053562629759,339.28607055932395
134,2024-04-09,185.85529702533046,188.77574372508474,188.33080175356133,191.27977864092827,179.22000122070312,171.9199981689453,329.8128750599849,331.7414828113324,333.68873632449686,336.14330850257494,336.9053562629759,339.28607055932395
135,2024-04-10,188.31483561737673,191.38202430022628,189.93368683626898,192.9396959955445,174.92999267578125,170.00999450683594,329.8128750599849,331.7414828113324,333.68873632449686,336.14330850257494,336.9053562629759,339.28607055932395
136,2024-04-11,187.16287804850202,190.19697791447868,191.07993544546937,194.09656908382735,175.8800048828125,168.50999450683594,329.8128750599849,331.7414828113324,333.68873632449686,336.14330850257494,336.9053562629759,339.28607055932395
137,2024-04-12,185.48087976928915,188.46304763951807,190.4703989070367,193.427438999146,173.80999755859375,170.36000061035156,329.8128750599849,331.7414828113324,333.68873632449686,336.14330850257494,336.9053562629759,339.28607055932395
138,2024-04-15,183.93950401945912,186.7751888486089,186.08170692216342,188.9255965058389,170.69000244140625,161.3800048828125,329.8128750599849,331.7414828113324,333.68873632449686,336.14330850257494,336.9053562629759,339.28607055932395
139,2024-04-16,184.55720390046852,187.43534366212262,190.125970251251,193.09201579491298,158.19000244140625,153.75,329.8128750599849,331.7414828113324,333.68873632449686,336.14330850257494,336.9053562629759,339.28607055932395
140,2024-04-17,185.43508202020615,188.41892001024834,190.3843489571527,193.4188416341328,158.3300018310547,153.77999877929688,329.8128750599849,331.7414828113324,333.68873632449686,336.14330850257494,336.9053562629759,339.28607055932395
141,2024-04-18,184.87322065510833,187.75712839070326,186.40316965254146,189.26278327212586,152.1999969482422,148.6999969482422,329.8128750599849,331.7414828113324,333.68873632449686,336.14330850257494,336.9053562629759,339.28607055932395
142,2024-04-19,181.2654608735902,184.07448960174065,184.34041198865552,187.12129931761956,150.94000244140625,146.22000122070312,329.8128750599849,331.7414828113324,333.68873632449686,336.14330850257494,336.9053562629759,339.28607055932395
143,2024-04-22,180.26683699200876,183.07686695423757,182.2292090702296,184.98673576956614,144.44000244140625,138.8000030517578,329.8128750599849,331.7414828113324,333.68873632449686,336.14330850257494,336.9053562629759,339.28607055932395
144,2024-04-23,175.6336518530572,178.16456641512707,180.22081480320017,182.83875261650815,147.25999450683594,141.11000061035156,329.8128750599849,331.7414828113324,333.68873632449686,336.14330850257494,336.9053562629759,339.28607055932395
145,2024-04-24,176.3256047465323,178.81827910966456,180.54804712008362,183.03166583529796,167.97000122070312,157.50999450683594,329.8128750599849,331.7414828113324,333.68873632449686,336.14330850257494,336.9053562629759,339.28607055932395
146,2024-04-25,175.93116979568242,178.48609487609676,184.34050433415976,187.12322821361604,170.8800048828125,158.36000061035156,329.8128750599849,331.7414828113324,333.68873632449686,336.14330850257494,336.9053562629759,339.28607055932395
147,2024-04-26,178.21397836467744,180.77650849684466,189.765252651518,192.66693435554228,172.1199951171875,166.3699951171875,329.8128750599849,331.7414828113324,333.68873632449686,336.14330850257494,336.9053562629759,339.28607055932395
148,2024-04-29,190.1198152226409,193.12295056287076,187.85179759291324,190.79578714321391,198.8699951171875,184.5399932861328,329.8128750599849,331.7414828113324,333.68873632449686,336.14330850257494,336.9053562629759,339.28607055932395
149,2024-04-30,185.0243729809901,187.93892487011703,190.6751449500721,193.75882333135357,190.9499969482422,182.83999633789065,329.8128750599849,331.7414828113324,333.68873632449686,336.14330850257494,336.9053562629759,339.28607055932395
150,2024-05-01,184.93418193749326,187.75058943327494,192.0749341637553,195.04619213858686,185.8600006103516,179.00999450683594,329.8128750599849,331.7414828113324,333.68873632449686,336.14330850257494,336.9053562629759,339.28607055932395
151,2024-05-02,185.31708735138497,188.16840129665212,192.12466422531108,195.18415150408714,184.6000061035156,176.02000427246094,329.8128750599849,331.7414828113324,333.68873632449686,336.14330850257494,336.9053562629759,339.28607055932395
152,2024-05-03,184.31967520342033,187.22914743565696,192.99954151766238,195.96268148395248,184.77999877929688,178.4199981689453,329.8128750599849,331.7414828113324,333.68873632449686,336.14330850257494,336.9053562629759,339.28607055932395
153,2024-05-06,184.62540185837003,187.49828747501255,192.77452764395255,195.7864394377043,187.5599975585937,182.1999969482422,329.8128750599849,331.7414828113324,333.68873632449686,336.14330850257494,336.9053562629759,339.28607055932395
154,2024-05-07,184.8674065018596,187.68443223711571,193.11390540215734,196.05178466942584,183.259994506836,177.39999389648438,329.8128750599849,331.7414828113324,333.68873632449686,336.14330850257494,336.9053562629759,339.28607055932395
155,2024-05-08,182.56509335785796,185.34994176823764,186.77769892769447,189.59687199525106,176.05999755859375,170.14999389648438,329.8128750599849,331.7414828113324,333.68873632449686,336.14330850257494,336.9053562629759,339.28607055932395
156,2024-05-09,183.3303091593922,186.0074417910165,188.80403231268215,191.55974411699916,175.6199951171875,171.3699951171875,329.8128750599849,331.7414828113324,333.68873632449686,336.14330850257494,336.9053562629759,339.28607055932395
157,2024-05-10,182.97038573099582,185.91081000637294,189.23913622360877,192.14408150828112,173.05999755859375,167.75,329.8128750599849,331.7414828113324,333.68873632449686,336.14330850257494,336.9053562629759,339.28607055932395
158,2024-05-13,181.22736112604287,183.37867934255678,183.96743652698726,186.55339690753274,175.39999389648438,169.0,329.8128750599849,331.7414828113324,333.68873632449686,336.14330850257494,336.9053562629759,339.28607055932395
159,2024-05-14,181.57669814613115,184.36299142672692,185.9209173391565,188.69652632841982,179.49000549316406,174.07000732421875,329.8128750599849,331.7414828113324,333.68873632449686,336.14330850257494,336.9053562629759,339.28607055932395
160,2024-05-15,186.51280946224014,189.06245285775094,190.28282912779392,193.1051873990037,180.0,173.11000061035156,329.8128750599849,331.7414828113324,333.68873632449686,336.14330850257494,336.9053562629759,339.28607055932395
161,2024-05-16,188.00155791069378,190.67055219285493,190.4388087145354,193.20809203215856,175.7899932861328,171.42999267578125,329.8128750599849,331.7414828113324,333.68873632449686,336.14330850257494,336.9053562629759,339.28607055932395
162,2024-05-17,185.5940443667353,188.0486463791846,185.9525677569866,188.6945620037213,179.6300048828125,172.75,329.8128750599849,331.7414828113324,333.68873632449686,336.14330850257494,336.9053562629759,339.28607055932395
163,2024-05-20,184.2466676507556,186.8396041335876,186.48895862600037,189.3400926363632,177.75,173.52000427246094,329.8128750599849,331.7414828113324,333.68873632449686,336.14330850257494,336.9053562629759,339.28607055932395
164,2024-05-21,182.9728983317161,185.90354712246753,185.53133574680885,188.3422668643021,186.8800048828125,174.7100067138672,329.8128750599849,331.7414828113324,333.68873632449686,336.14330850257494,336.9053562629759,339.28607055932395
165,2024-05-22,183.47856103343577,186.33507343638018,186.4736654074903,189.31287552019958,183.8000030517578,178.1199951171875,329.8128750599849,331.7414828113324,333.68873632449686,336.14330850257494,336.9053562629759,339.28607055932395
166,2024-05-23,185.77330144458574,188.61798325804924,189.2860156195982,192.10736162694266,181.8999938964844,173.25999450683594,329.8128750599849,331.7414828113324,333.68873632449686,336.14330850257494,336.9053562629759,339.28607055932395
167,2024-05-24,189.03036672710294,192.06290844726703,190.62660735002785,193.60893236633174,180.0800018310547,173.72999572753906,329.8128750599849,331.7414828113324,333.68873632449686,336.14330850257494,336.9053562629759,339.28607055932395
168,2024-05-28,186.45923060066767,189.27227816425585,189.28052708462755,192.21538767579443,178.25,173.16000366210938,329.8128750599849,331.7414828113324,333.68873632449686,336.14330850257494,336.9053562629759,339.28607055932395
169,2024-05-29,187.83904467877468,191.0145259174841,189.10141294155758,192.10954639689794,178.14999389648438,173.92999267578125,329.8128750599849,331.7414828113324,333.68873632449686,336.14330850257494,336.9053562629759,339.28607055932395
170,2024-05-30,186.75487192204542,189.44875915741628,188.2315223064364,191.07963796693502,182.6699981689453,175.3800048828125,329.8128750599849,331.7414828113324,333.68873632449686,336.14330850257494,336.9053562629759,339.28607055932395
171,2024-05-31,186.99663084619323,189.9953283714335,188.8980681411738,191.85158214475504,180.32000732421875,173.82000732421875,329.8128750599849,331.7414828113324,333.68873632449686,336.14330850257494,336.9053562629759,339.28607055932395
172,2024-06-03,189.8952614704436,192.86617041667836,192.01664407545664,195.1772192880669,182.63999938964844,174.49000549316406,329.8128750599849,331.7414828113324,333.68873632449686,336.14330850257494,336.9053562629759,339.28607055932395
173,2024-06-04,189.611625466122,192.64178155174727,192.7153984160717,195.7928205405827,177.75999450683594,174.0,329.8128750599849,331.7414828113324,333.68873632449686,336.14330850257494,336.9053562629759,339.28607055932395
174,2024-06-05,190.81432167005988,193.95707329361795,193.15134949662436,196.20985572808206,176.14999389648438,172.1300048828125,329.8128750599849,331.7414828113324,333.68873632449686,336.14330850257494,336.9053562629759,339.28607055932395
175,2024-06-06,189.53249299751155,192.7491423283064,193.59109075787367,196.8109233397422,179.72999572753906,172.72999572753906,329.8128750599849,331.7414828113324,333.68873632449686,336.14330850257494,336.9053562629759,339.28607055932395
176,2024-06-07,186.93840740725855,189.90072192758626,193.35159871510442,196.32799076656474,179.35000610351562,175.5800018310547,329.8128750599849,331.7414828113324,333.68873632449686,336.14330850257494,336.9053562629759,339.28607055932395
177,2024-06-10,188.40220209294972,191.47867379922084,193.84828101728576,196.89375170844312,178.57000732421875,173.1699981689453,329.8128750599849,331.7414828113324,333.68873632449686,336.14330850257494,336.9053562629759,339.28607055932395
178,2024-06-11,188.28724037169025,191.27778597326815,192.90828408434243,196.01470262802277,174.75,167.41000366210938,329.8128750599849,331.7414828113324,333.68873632449686,336.14330850257494,336.9053562629759,339.28607055932395
179,2024-06-12,190.68990457216844,193.87087880457693,196.80355396483696,199.96503832721376,180.5500030517578,169.8000030517578,329.8128750599849,331.7414828113324,333.68873632449686,336.14330850257494,336.9053562629759,339.28607055932395
180,2024-06-13,189.39712452581904,192.22539510314635,191.17106841310968,194.12517579241293,191.0800018310547,181.22999572753903,329.8128750599849,331.7414828113324,333.68873632449686,336.14330850257494,336.9053562629759,339.28607055932395
181,2024-06-14,193.48200743021374,196.56006018043232,198.50595538096312,201.62143643076692,186.0,176.9199981689453,329.8128750599849,331.7414828113324,333.68873632449686,336.14330850257494,336.9053562629759,339.28607055932395
182,2024-06-17,187.31917723098869,190.15292704739664,189.0107617765482,191.7929791351618,188.8099975585937,177.0,329.8128750599849,331.7414828113324,333.68873632449686,336.14330850257494,336.9053562629759,339.28607055932395
183,2024-06-18,189.08210389811876,192.25829891962957,195.62168408112322,198.78115282193428,187.1999969482422,182.3699951171875,329.8128750599849,331.7414828113324,333.68873632449686,336.14330850257494,336.9053562629759,339.28607055932395
184,2024-06-20,186.6528429879067,189.28743456296183,189.1000317740156,191.88941606194453,185.2100067138672,179.66000366210938,329.8128750599849,331.7414828113324,333.68873632449686,336.14330850257494,336.9053562629759,339.28607055932395
185,2024-06-21,186.57319860400085,189.16524333175494,190.9589066245799,193.82800771327072,183.9499969482422,180.69000244140625,329.8128750599849,331.7414828113324,333.68873632449686,336.14330850257494,336.9053562629759,339.28607055932395
186,2024-06-24,189.2131469866921,192.1650269568902,196.8131739573679,199.92507475138322,188.8000030517578,182.5500030517578,329.8128750599849,331.7414828113324,333.68873632449686,336.14330850257494,336.9053562629759,339.28607055932395
187,2024-06-25,188.97101225649217,192.05813265824045,196.79648752625005,199.94709959444583,187.97000122070312,182.009994506836,329.8128750599849,331.7414828113324,333.68873632449686,336.14330850257494,336.9053562629759,339.28607055932395
188,2024-06-26,190.5252003427852,193.44889934489052,191.3935488079852,194.36981097956743,197.759994506836,186.3600006103516,329.8128750599849,331.7414828113324,333.68873632449686,336.14330850257494,336.9053562629759,339.28607055932395
189,2024-06-27,194.55783777438845,197.77685422602192,199.83389577730895,203.10385598847597,198.72000122070312,194.0500030517578,329.8128750599849,331.7414828113324,333.68873632449686,336.14330850257494,336.9053562629759,339.28607055932395
190,2024-06-28,197.43260832784864,200.54295131387045,194.4565086585711,197.4636420623631,203.1999969482422,195.259994506836,329.8128750599849,331.7414828113324,333.68873632449686,336.14330850257494,336.9053562629759,339.28607055932395
191,2024-07-01,202.35350793039265,205.44928565956792,195.838623745743,198.85048285518178,213.22999572753903,200.8500061035156,329.8128750599849,331.7414828113324,333.68873632449686,336.14330850257494,336.9053562629759,339.28607055932395
192,2024-07-02,204.17879190303077,207.39340025188017,196.04819584513157,199.08063557627239,231.3000030517578,218.0599975585937,329.8128750599849,331.7414828113324,333.68873632449686,336.14330850257494,336.9053562629759,339.28607055932395
193,2024-07-03,209.9759579955119,213.3650331515981,204.21669772501912,207.50275448340383,248.3500061035156,234.25,329.8128750599849,331.7414828113324,333.68873632449686,336.14330850257494,336.9053562629759,339.28607055932395
194,2024-07-05,226.37695919725115,230.26487710091916,213.4071672254588,216.9933203752048,252.3699951171875,242.4600067138672,329.8128750599849,331.7414828113324,333.68873632449686,336.14330850257494,336.9053562629759,339.28607055932395
195,2024-07-08,235.04889222967273,238.95151890023408,224.43805853569822,228.22273483310542,259.44000244140625,244.57000732421875,329.8128750599849,331.7414828113324,333.68873632449686,336.14330850257494,336.9053562629759,339.28607055932395
196,2024-07-09,240.6106844873725,244.51634999619273,226.80183845334503,230.68071519194393,265.6099853515625,250.3000030517578,329.8128750599849,331.7414828113324,333.68873632449686,336.14330850257494,336.9053562629759,339.28607055932395
197,2024-07-10,248.613485207933,252.61458128445508,234.82608059548843,238.92352550184492,267.5899963378906,257.8599853515625,329.8128750599849,331.7414828113324,333.68873632449686,336.14330850257494,336.9053562629759,339.28607055932395
198,2024-07-11,253.9134514619068,258.00236334706494,235.91835124993705,239.89176043470994,271.0,239.6499938964844,329.8128750599849,331.7414828113324,333.68873632449686,336.14330850257494,336.9053562629759,339.28607055932395
199,2024-07-12,241.35281832936548,245.39402286836736,229.71103902431364,233.70980622665942,251.83999633789065,233.08999633789065,329.8128750599849,331.7414828113324,333.68873632449686,336.14330850257494,336.9053562629759,339.28607055932395
200,2024-07-15,241.2236157268423,245.32599031291673,227.60786614973654,231.5709833613238,265.6000061035156,251.72999572753903,329.8128750599849,331.7414828113324,333.68873632449686,336.14330850257494,336.9053562629759,339.28607055932395
201,2024-07-16,249.63865280095888,253.96762230828273,236.0922177593518,240.22952193327345,258.6199951171875,245.8000030517578,329.8128750599849,331.7414828113324,333.68873632449686,336.14330850257494,336.9053562629759,339.28607055932395
202,2024-07-17,250.75323573524582,254.82377578687624,235.3751990840026,239.48133073186816,258.4700012207031,246.17999267578125,329.8128750599849,331.7414828113324,333.68873632449686,336.14330850257494,336.9053562629759,339.28607055932395
203,2024-07-18,239.86092130071876,243.7450577064891,229.319172884491,233.24898116351588,257.1400146484375,247.1999969482422,329.8128750599849,331.7414828113324,333.68873632449686,336.14330850257494,336.9053562629759,339.28607055932395
204,2024-07-19,241.69018375858175,245.81851776589423,234.2653185433935,238.33532244552507,249.44000244140625,236.8300018310547,329.8128750599849,331.7414828113324,333.68873632449686,336.14330850257494,336.9053562629759,339.28607055932395
205,2024-07-22,236.18080680910083,240.19500965372046,228.32948604021112,232.43764026909693,253.2100067138672,243.75,329.8128750599849,331.7414828113324,333.68873632449686,336.14330850257494,336.9053562629759,339.28607055932395
206,2024-07-23,235.68183755043137,239.83141669489288,228.5102342972043,232.4874372779875,255.759994506836,245.6300048828125,329.8128750599849,331.7414828113324,333.68873632449686,336.14330850257494,336.9053562629759,339.28607055932395
207,2024-07-24,223.9577053276835,228.01879305304226,229.23512241552535,233.34163115570945,225.9900054931641,214.7100067138672,329.8128750599849,331.7414828113324,333.68873632449686,336.14330850257494,336.9053562629759,339.28607055932395
208,2024-07-25,218.56917170507907,221.78467126228662,216.8947517797486,220.33107807111546,226.0,216.22999572753903,329.8128750599849,331.7414828113324,333.68873632449686,336.14330850257494,336.9053562629759,339.28607055932395
209,2024-07-26,216.49954032365852,220.14645044476146,213.74803455679753,217.18574940173428,222.27999877929688,215.3300018310547,329.8128750599849,331.7414828113324,333.68873632449686,336.14330850257494,336.9053562629759,339.28607055932395
210,2024-07-29,213.56473716238457,216.9084465894431,212.05896702848239,215.41544802132356,234.2700042724609,224.6999969482422,329.8128750599849,331.7414828113324,333.68873632449686,336.14330850257494,336.9053562629759,339.28607055932395
211,2024-07-30,213.28291755398158,216.84919799016942,210.85537989117947,214.37513536254662,232.41000366210932,220.0,329.8128750599849,331.7414828113324,333.68873632449686,336.14330850257494,336.9053562629759,339.28607055932395
212,2024-07-31,219.61649499208832,223.1362974999487,215.22748180546105,218.68284037858447,234.67999267578125,226.7899932861328,329.8128750599849,331.7414828113324,333.68873632449686,336.14330850257494,336.9053562629759,339.28607055932395
213,2024-08-01,220.17998244106553,223.96437963700873,215.97229246257106,219.52116219782047,231.8699951171875,214.3300018310547,329.8128750599849,331.7414828113324,333.68873632449686,336.14330850257494,336.9053562629759,339.28607055932395
214,2024-08-02,209.00358031225034,212.35574028966363,211.60808006637092,215.0430687444056,216.1300048828125,205.77999877929688,329.8128750599849,331.7414828113324,333.68873632449686,336.14330850257494,336.9053562629759,339.28607055932395
215,2024-08-05,206.06998406656686,209.35067778793376,209.5052966489205,212.82971176315425,203.8800048828125,182.0,329.8128750599849,331.7414828113324,333.68873632449686,336.14330850257494,336.9053562629759,339.28607055932395
216,2024-08-06,196.56468545497262,199.60474141862687,196.60653282398417,199.67318061684577,202.8999938964844,192.6699981689453,329.8128750599849,331.7414828113324,333.68873632449686,336.14330850257494,336.9053562629759,339.28607055932395
217,2024-08-07,195.46730769263613,198.37965351390432,195.84455794814733,198.81691612831935,203.4900054931641,191.47999572753903,329.8128750599849,331.7414828113324,333.68873632449686,336.14330850257494,336.9053562629759,339.28607055932395
218,2024-08-08,194.65087747594066,197.578811324838,196.31130424686023,199.29650265742114,200.6999969482422,192.0399932861328,329.8128750599849,331.7414828113324,333.68873632449686,336.14330850257494,336.9053562629759,339.28607055932395
219,2024-08-09,196.78995829759654,199.84808109624572,198.34659514576128,201.39295673171412,200.8800048828125,195.1100006103516,329.8128750599849,331.7414828113324,333.68873632449686,336.14330850257494,336.9053562629759,339.28607055932395
220,2024-08-12,195.7215296463395,198.61822566919372,194.29780287194293,197.23408375616123,199.259994506836,194.6699981689453,329.8128750599849,331.7414828113324,333.68873632449686,336.14330850257494,336.9053562629759,339.28607055932395
221,2024-08-13,195.60786517866376,198.41446103264045,191.12752148531752,193.91408764950867,208.4900054931641,197.0599975585937,329.8128750599849,331.7414828113324,333.68873632449686,336.14330850257494,336.9053562629759,339.28607055932395
222,2024-08-14,201.92265110965766,205.10343421373395,199.81249571045183,203.0100132299825,208.44000244140625,198.75,329.8128750599849,331.7414828113324,333.68873632449686,336.14330850257494,336.9053562629759,339.28607055932395
223,2024-08-15,206.36671667090368,209.58433007747524,203.69793280225352,206.82997130589638,215.8800048828125,204.82000732421875,329.8128750599849,331.7414828113324,333.68873632449686,336.14330850257494,336.9053562629759,339.28607055932395
224,2024-08-16,203.34814850872286,206.59069805596005,201.16900700281178,204.2591505312596,219.8000030517578,210.8000030517578,329.8128750599849,331.7414828113324,333.68873632449686,336.14330850257494,336.9053562629759,339.28607055932395
225,2024-08-19,206.567281470107,209.88326683615065,204.90098594164053,208.04103062559258,222.97999572753903,214.08999633789065,329.8128750599849,331.7414828113324,333.68873632449686,336.14330850257494,336.9053562629759,339.28607055932395
226,2024-08-20,206.4392520569901,209.63456089113893,204.38316053400524,207.55755874884053,228.22000122070312,219.5599975585937,329.8128750599849,331.7414828113324,333.68873632449686,336.14330850257494,336.9053562629759,339.28607055932395
227,2024-08-21,209.26590618620594,212.48950962067673,207.85570481616617,211.099381831619,224.66000366210932,218.8600006103516,329.8128750599849,331.7414828113324,333.68873632449686,336.14330850257494,336.9053562629759,339.28607055932395
228,2024-08-22,211.86801619927706,215.2790522425372,206.71598463261486,209.89083007671832,224.8000030517578,210.32000732421875,329.8128750599849,331.7414828113324,333.68873632449686,336.14330850257494,336.9053562629759,339.28607055932395
229,2024-08-23,214.5323666807183,218.25805811491938,209.5350961416435,213.04954292240208,221.47999572753903,214.2100067138672,329.8128750599849,331.7414828113324,333.68873632449686,336.14330850257494,336.9053562629759,339.28607055932395
230,2024-08-26,212.87590273643815,216.4620142396518,209.6035522654547,213.0086424542303,219.08999633789065,211.009994506836,329.8128750599849,331.7414828113324,333.68873632449686,336.14330850257494,336.9053562629759,339.28607055932395
231,2024-08-27,209.59565552033376,213.14371477417166,210.16977474736686,213.7468270155882,215.66000366210932,206.94000244140625,329.8128750599849,331.7414828113324,333.68873632449686,336.14330850257494,336.9053562629759,339.28607055932395
232,2024-08-28,207.4631838262677,210.72333214117617,208.7814082710586,212.15366914506487,211.83999633789065,202.58999633789065,329.8128750599849,331.7414828113324,333.68873632449686,336.14330850257494,336.9053562629759,339.28607055932395
233,2024-08-29,208.64703672930995,211.88676347584732,208.4164989884365,211.72462756411758,214.88999938964844,205.97000122070312,329.8128750599849,331.7414828113324,333.68873632449686,336.14330850257494,336.9053562629759,339.28607055932395
234,2024-08-30,211.35875684091755,215.0641889746111,213.3991572567196,217.06865360517625,214.57000732421875,207.02999877929688,329.8128750599849,331.7414828113324,333.68873632449686,336.14330850257494,336.9053562629759,339.28607055932395
235,2024-09-03,214.30047507445195,217.65782032218996,215.68560383708032,219.1233293667929,219.8999938964844,209.63999938964844,329.8128750599849,331.7414828113324,333.68873632449686,336.14330850257494,336.9053562629759,339.28607055932395
236,2024-09-04,214.33815685821696,217.95316106761462,214.5317989566182,218.19208199879242,222.22000122070312,210.57000732421875,329.8128750599849,331.7414828113324,333.68873632449686,336.14330850257494,336.9053562629759,339.28607055932395
237,2024-09-05,212.18076753658573,215.54734671687228,208.7764577490258,212.16397496081788,235.0,222.25,329.8128750599849,331.7414828113324,333.68873632449686,336.14330850257494,336.9053562629759,339.28607055932395
238,2024-09-06,212.54690862793427,216.2013263076313,205.18155968874035,208.55093625054224,233.6000061035156,210.509994506836,329.8128750599849,331.7414828113324,333.68873632449686,336.14330850257494,336.9053562629759,339.28607055932395
239,2024-09-09,210.64751497911317,214.18722467647598,206.56873771855896,210.06846958843343,219.8699951171875,213.6699981689453,329.8128750599849,331.7414828113324,333.68873632449686,336.14330850257494,336.9053562629759,339.28607055932395
240,2024-09-10,213.62929269239623,217.15075056800748,213.13416982473032,216.65734999435236,226.3999938964844,218.63999938964844,329.8128750599849,331.7414828113324,333.68873632449686,336.14330850257494,336.9053562629759,339.28607055932395
241,2024-09-11,220.622740991291,224.24612520852787,216.37220069130828,219.91771959557684,228.47000122070312,216.8000030517578,329.8128750599849,331.7414828113324,333.68873632449686,336.14330850257494,336.9053562629759,339.28607055932395
242,2024-09-12,218.52594316852554,222.24651037361122,211.94092538390467,215.56279205632543,231.4499969482422,223.8300018310547,329.8128750599849,331.7414828113324,333.68873632449686,336.14330850257494,336.9053562629759,339.28607055932395
243,2024-09-13,213.78976187665359,217.32428271220664,212.73878652570193,216.2017919982362,232.6699981689453,226.32000732421875,329.8128750599849,331.7414828113324,333.68873632449686,336.14330850257494,336.9053562629759,339.28607055932395
244,2024-09-16,224.79874000023392,228.36948051669614,222.794408935392,226.3375106165246,229.9600067138672,223.52999877929688,329.8128750599849,331.7414828113324,333.68873632449686,336.14330850257494,336.9053562629759,339.28607055932395
245,2024-09-17,228.5694430225192,232.32004295957978,219.95166902233822,223.57877207007687,234.57000732421875,226.5500030517578,329.8128750599849,331.7414828113324,333.68873632449686,336.14330850257494,336.9053562629759,339.28607055932395
246,2024-09-18,218.01300042905254,221.79858293259647,216.11577328606185,219.86063214712382,235.67999267578125,226.8800048828125,329.8128750599849,331.7414828113324,333.68873632449686,336.14330850257494,336.9053562629759,339.28607055932395
247,2024-09-19,232.79710813658988,236.7582673137027,220.401636544429,224.11639868606267,244.2400054931641,232.1300048828125,329.8128750599849,331.7414828113324,333.68873632449686,336.14330850257494,336.9053562629759,339.28607055932395
248,2024-09-20,231.78410726450147,235.4114593795096,227.24546224079526,231.2000291055298,243.9900054931641,235.9199981689453,329.8128750599849,331.7414828113324,333.68873632449686,336.14330850257494,336.9053562629759,339.28607055932395
249,2024-09-23,228.96867672757318,232.77381613642086,218.27473890530055,221.96098731515676,250.0,241.9199981689453,329.8128750599849,331.7414828113324,333.68873632449686,336.14330850257494,336.9053562629759,339.28607055932395
250,2024-09-24,229.12219831789253,233.2297055877267,225.96813119580665,229.77714157671028,257.19000244140625,249.0500030517578,329.8128750599849,331.7414828113324,333.68873632449686,336.14330850257494,336.9053562629759,339.28607055932395
251,2024-09-25,237.86665107781505,242.23851592656032,227.72581143378807,231.79045236050698,257.04998779296875,252.27999877929688,329.8128750599849,331.7414828113324,333.68873632449686,336.14330850257494,336.9053562629759,339.28607055932395
252,2024-09-26,245.49808194397482,249.29694079283172,230.5324081194783,234.5168799307513,261.75,251.52999877929688,329.8128750599849,331.7414828113324,333.68873632449686,336.14330850257494,336.9053562629759,339.28607055932395
253,2024-09-27,246.66777587220062,251.29763974602895,232.57577322746934,236.77272773524092,260.70001220703125,254.1199951171875,329.8128750599849,331.7414828113324,333.68873632449686,336.14330850257494,336.9053562629759,339.28607055932395
254,2024-09-30,240.36795352641684,244.36850838475416,229.1529911270396,233.13311356195973,264.8599853515625,255.7700042724609,329.8128750599849,331.7414828113324,333.68873632449686,336.14330850257494,336.9053562629759,339.28607055932395
255,2024-10-01,243.64492207561773,247.74925684225323,231.1139358649663,235.13216626147175,263.9800109863281,248.52999877929688,329.8128750599849,331.7414828113324,333.68873632449686,336.14330850257494,336.9053562629759,339.28607055932395
256,2024-10-02,242.72950912191752,246.71247603141117,232.17604567471872,236.1429235097546,251.16000366210932,241.5,329.8128750599849,331.7414828113324,333.68873632449686,336.14330850257494,336.9053562629759,339.28607055932395
257,2024-10-03,241.4677041667106,245.61674658430553,233.54413227528676,237.64673806693563,249.7899932861328,237.8099975585937,329.8128750599849,331.7414828113324,333.68873632449686,336.14330850257494,336.9053562629759,339.28607055932395
258,2024-10-04,235.2675523311872,239.17074226041686,227.9055479052563,231.88137815587095,250.9600067138672,244.5800018310547,329.8128750599849,331.7414828113324,333.68873632449686,336.14330850257494,336.9053562629759,339.28607055932395
259,2024-10-07,232.6248528554734,236.5823378273364,226.0907981456413,230.04710041273378,249.8300018310547,240.6999969482422,329.8128750599849,331.7414828113324,333.68873632449686,336.14330850257494,336.9053562629759,339.28607055932395
260,2024-10-08,241.3329993781422,245.1729879205568,235.5619056335316,239.45497965064177,246.2100067138672,240.5599975585937,329.8128750599849,331.7414828113324,333.68873632449686,336.14330850257494,336.9053562629759,339.28607055932395
261,2024-10-09,241.6427526985799,245.63971146892732,236.02132050221053,240.12561348689596,247.42999267578125,239.509994506836,329.8128750599849,331.7414828113324,333.68873632449686,336.14330850257494,336.9053562629759,339.28607055932395
262,2024-10-10,235.664962413283,239.53396676074382,232.86441315361535,236.81288813719365,242.7899932861328,232.33999633789065,329.8128750599849,331.7414828113324,333.68873632449686,336.14330850257494,336.9053562629759,339.28607055932395
263,2024-10-11,218.90374990607543,222.58056051881647,224.62485743073148,228.52009973836974,223.33999633789065,214.3800048828125,329.8128750599849,331.7414828113324,333.68873632449686,336.14330850257494,336.9053562629759,339.28607055932395
264,2024-10-14,215.73266953008704,219.23301111698376,216.70151680457047,220.33232988525197,221.91000366210932,213.7400054931641,329.8128750599849,331.7414828113324,333.68873632449686,336.14330850257494,336.9053562629759,339.28607055932395
265,2024-10-15,218.81340227672356,222.50490606861374,215.42043572910447,218.92037801577612,224.259994506836,217.1199951171875,329.8128750599849,331.7414828113324,333.68873632449686,336.14330850257494,336.9053562629759,339.28607055932395
266,2024-10-16,214.22847689829902,217.50869382982637,212.61963673507307,215.90809593188774,222.82000732421875,218.92999267578125,329.8128750599849,331.7414828113324,333.68873632449686,336.14330850257494,336.9053562629759,339.28607055932395
267,2024-10-17,217.90951524646178,221.44166001739453,214.85369530936407,218.35278659096227,222.0800018310547,217.8999938964844,329.8128750599849,331.7414828113324,333.68873632449686,336.14330850257494,336.9053562629759,339.28607055932395
268,2024-10-18,214.0676270899632,217.3172135052054,211.9211915511462,215.1877123250123,222.27999877929688,219.22999572753903,329.8128750599849,331.7414828113324,333.68873632449686,336.14330850257494,336.9053562629759,339.28607055932395
269,2024-10-21,208.3435914098177,211.8074291644659,206.6233620918406,209.94294176080476,220.47999572753903,215.72999572753903,329.8128750599849,331.7414828113324,333.68873632449686,336.14330850257494,336.9053562629759,339.28607055932395
270,2024-10-22,211.9901061904612,215.30823132148586,207.83833984634308,210.98957647462348,218.22000122070312,215.259994506836,329.8128750599849,331.7414828113324,333.68873632449686,336.14330850257494,336.9053562629759,339.28607055932395
271,2024-10-23,213.95072370410105,217.37042387270537,213.2349830102304,216.7089459939989,218.72000122070312,212.1100006103516,329.8128750599849,331.7414828113324,333.68873632449686,336.14330850257494,336.9053562629759,339.28607055932395
272,2024-10-24,218.59144664521352,222.34552650989787,212.75627997622658,216.36498447258933,262.1199951171875,242.6499938964844,329.8128750599849,331.7414828113324,333.68873632449686,336.14330850257494,336.9053562629759,339.28607055932395
273,2024-10-25,242.70525517747654,247.06503885435637,230.00348519124395,233.75063583742724,269.489990234375,255.32000732421875,329.8128750599849,331.7414828113324,333.68873632449686,336.14330850257494,336.9053562629759,339.28607055932395
274,2024-10-28,237.92396390977729,242.3164661566512,228.77810852995722,232.6765163239189,273.5400085449219,262.239990234375,329.8128750599849,331.7414828113324,333.68873632449686,336.14330850257494,336.9053562629759,339.28607055932395
275,2024-10-29,243.41157060737964,247.58021469555135,227.8836419456367,231.71304458320864,264.9800109863281,255.509994506836,329.8128750599849,331.7414828113324,333.68873632449686,336.14330850257494,336.9053562629759,339.28607055932395
276,2024-10-30,248.88615899789434,252.836405111363,233.63165975323895,237.47132662692266,263.3500061035156,255.82000732421875,329.8128750599849,331.7414828113324,333.68873632449686,336.14330850257494,336.9053562629759,339.28607055932395
277,2024-10-31,242.86942942396576,247.1914791678871,232.44164740506244,236.52717533835747,259.75,249.25,329.8128750599849,331.7414828113324,333.68873632449686,336.14330850257494,336.9053562629759,339.28607055932395
278,2024-11-01,240.38259309935762,244.34449953438076,226.16553376374227,230.0470374283747,254.0,246.6300048828125,329.8128750599849,331.7414828113324,333.68873632449686,336.14330850257494,336.9053562629759,339.28607055932395
279,2024-11-04,238.21167475984996,242.26230984280838,224.3246542414432,228.09392394576017,248.8999938964844,238.8800048828125,329.8128750599849,331.7414828113324,333.68873632449686,336.14330850257494,336.9053562629759,339.28607055932395
280,2024-11-05,248.94382234127053,253.50979608793548,230.1956240654367,234.26590300594285,255.27999877929688,246.2100067138672,329.8128750599849,331.7414828113324,333.68873632449686,336.14330850257494,336.9053562629759,339.28607055932395
281,2024-11-06,238.40057511735841,242.33137455444333,227.06451323270585,230.99169259181247,289.5899963378906,275.6199951171875,329.8128750599849,331.7414828113324,333.68873632449686,336.14330850257494,336.9053562629759,339.28607055932395
282,2024-11-07,271.336280159933,276.2272324836466,247.50177783234827,252.12474011439198,299.75,285.5199890136719,329.8128750599849,331.7414828113324,333.68873632449686,336.14330850257494,336.9053562629759,339.28607055932395
283,2024-11-08,266.2098736676989,270.4958085452495,247.72141559170132,252.01019518437633,328.7099914550781,297.6600036621094,329.8128750599849,331.7414828113324,333.68873632449686,336.14330850257494,336.9053562629759,339.28607055932395
284,2024-11-11,316.76300508191895,321.7728199687484,286.16305831597634,291.11501864426424,358.6400146484375,336.0,329.8128750599849,331.7414828113324,333.68873632449686,336.14330850257494,336.9053562629759,339.28607055932395
285,2024-11-12,330.61511257567975,334.9078104642547,300.7255588959067,305.1696555761346,345.8399963378906,323.3099975585937,329.8128750599849,331.7414828113324,333.68873632449686,336.14330850257494,336.9053562629759,339.28607055932395
286,2024-11-13,313.4464540375741,317.7140322889775,292.6994096183492,297.23252410689526,344.6000061035156,322.5,329.8128750599849,331.7414828113324,333.68873632449686,336.14330850257494,336.9053562629759,339.28607055932395
287,2024-11-14,309.4322286935118,314.0668623545212,297.74473434882856,302.27288680678254,329.9800109863281,310.3699951171875,329.8128750599849,331.7414828113324,333.68873632449686,336.14330850257494,336.9053562629759,339.28607055932395
288,2024-11-15,310.7551069502153,315.1210646390823,304.0895931955385,308.5631819854802,324.67999267578125,309.2200012207031,329.8128750599849,331.7414828113324,333.68873632449686,336.14330850257494,336.9053562629759,339.28607055932395
289,2024-11-18,309.6201413556269,314.4300632357136,296.5935151424857,301.2662629070637,348.54998779296875,330.010009765625,329.8128750599849,331.7414828113324,333.68873632449686,336.14330850257494,336.9053562629759,339.28607055932395
290,2024-11-19,330.0329721378461,334.1090821877397,315.8203309323564,320.0570087192836,347.3800048828125,332.75,329.8128750599849,331.7414828113324,333.68873632449686,336.14330850257494,336.9053562629759,339.28607055932395
291,2024-11-20,330.7927074344535,335.6422569039017,320.82665373986197,325.42683472842674,346.6000061035156,334.29998779296875,329.8128750599849,331.7414828113324,333.68873632449686,336.14330850257494,336.9053562629759,339.28607055932395
292,2024-11-21,337.1355138019557,341.98551563014223,324.30722003582787,328.74406345980265,347.989990234375,335.2799987792969,329.8128750599849,331.7414828113324,333.68873632449686,336.14330850257494,336.9053562629759,339.28607055932395
293,2024-11-22,349.12809440559164,353.62460948970715,331.26657798806906,335.85203733405075,361.5299987792969,337.70001220703125,329.8128750599849,331.7414828113324,333.68873632449686,336.14330850257494,336.9053562629759,339.28607055932395
294,2024-11-25,347.5649098596726,352.9831728404049,338.4679855520454,343.67561587692984,361.9299926757813,338.20001220703125,329.8128750599849,331.7414828113324,333.68873632449686,336.14330850257494,336.9053562629759,339.28607055932395
295,2024-11-26,338.1518692248619,342.72353800677547,335.5680797568318,340.3997914885983,346.9599914550781,335.6600036621094,329.8128750599849,331.7414828113324,333.68873632449686,336.14330850257494,336.9053562629759,339.28607055932395
296,2024-11-27,332.21838791851843,336.6689712395552,331.3131923926115,336.06253893511115,342.54998779296875,326.5899963378906,329.8128750599849,331.7414828113324,333.68873632449686,336.14330850257494,336.9053562629759,339.28607055932395
297,2024-11-29,336.2984829092683,340.8195050859671,329.8131962617388,334.6703720274285,345.45001220703125,334.6499938964844,329.8128750599849,331.7414828113324,333.68873632449686,336.14330850257494,336.9053562629759,339.28607055932395
298,2024-12-02,341.686975578649,346.77738456357736,334.1651989762668,338.4457332405977,360.0,351.1499938964844,329.8128750599849,331.7414828113324,333.68873632449686,336.14330850257494,336.9053562629759,339.28607055932395
299,2024-12-03,346.0139341924213,351.14954147425266,341.3418740051888,346.3856202755463,355.67999267578125,348.20001220703125,329.8128750599849,331.7414828113324,333.68873632449686,336.14330850257494,336.9053562629759,339.28607055932395
